"Date","Year","Month","Quantity","Price","Rate","Expense"
2011-04-01,2011,"Apr",115.362166167281,118.635792777778,44.38,60738.8320927083
2011-05-01,2011,"May",101.051079980048,110.802543684211,45.03,50418.8153173283
2011-06-01,2011,"Jun",102.153039168973,109.994067727273,44.72,50248.4129973953
2011-07-01,2011,"Jul",100.797233634348,112.527114285714,44.1553,50082.8038579689
2011-08-01,2011,"Aug",104.564831703759,106.93536,46.019,51456.9636273228
2011-09-01,2011,"Sep",95.2250359788307,108.790646818182,48.9253,50684.6207997331
2011-10-01,2011,"Oct",91.3622467439846,106.1083695,48.873,47378.9476779629
2011-11-01,2011,"Nov",108.860707469587,109.615744285714,52.165,62247.6988415909
2011-12-01,2011,"Dec",102.136390930644,107.193888,53.266,58317.7306619753
2012-01-01,2012,"Jan",124.748892575397,110.468284736842,49.6825,68466.4406492299
2012-02-01,2012,"Feb",100.56761628564,117.666197142857,48.9408,57913.6501427938
2012-03-01,2012,"Mar",112.079673789516,123.610558181818,51.1565,70873.3970093304
2012-04-01,2012,"Apr",108.559122243158,117.974512631579,52.5193,67262.5679907387
2012-05-01,2012,"May",114.560282626954,108.053806666667,56.4225,69843.5769347939
2012-06-01,2012,"Jun",108.623644077294,94.507602631579,56.309,57805.4690586629
2012-07-01,2012,"Jul",106.98225142915,100.33814,55.807,59905.466757571
2012-08-01,2012,"Aug",110.293564230979,110.068283,55.7215,67644.9160715249
2012-09-01,2012,"Sep",111.694026988324,111.7708795,52.697,65787.670615492
2012-10-01,2012,"Oct",120.981868775757,109.788584090909,54.1175,71881.1801271018
2012-11-01,2012,"Nov",113.592296386864,107.870747142857,54.5265,66812.8792586198
2012-12-01,2012,"Dec",117.446979083412,107.280966842105,54.7773,69018.4419649522
2013-01-01,2013,"Jan",134.481035587173,109.551236818182,53.289,78508.3591121335
2013-02-01,2013,"Feb",97.9823960415967,112.675573888889,53.7735,59367.1415627065
2013-03-01,2013,"Mar",109.49612625757,106.44967,54.3893,63395.2244604363
2013-04-01,2013,"Apr",120.284851541821,101.574804047619,54.219,66244.2874503232
2013-05-01,2013,"May",125.948010355666,101.097049736842,56.4958,71935.945461232
2013-06-01,2013,"Jun",104.903410391539,101.1111285,59.6995,63322.675837767
2013-07-01,2013,"Jul",119.878882837604,104.859751086957,61.115,76824.426273967
2013-08-01,2013,"Aug",128.82343560363,108.454698947368,66.5742,93014.1896376754
2013-09-01,2013,"Sep",110.561214157835,109.465711428571,62.777,75976.8810126208
2013-10-01,2013,"Oct",112.609962164957,107.373520681818,61.41,74252.8458712975
2013-11-01,2013,"Nov",107.134675058959,106.55480452381,62.3948,71228.1214263799
2013-12-01,2013,"Dec",115.985616041253,108.71841975,61.897,78050.7112555941
2014-01-01,2014,"Jan",113.652270490358,105.294998571429,62.4768,74766.0843919333
2014-02-01,2014,"Feb",121.068521302841,106.18825475,62.072,79800.1044862066
2014-03-01,2014,"Mar",106.413068214724,105.295287857143,60.0998,67340.5917471884
2014-04-01,2014,"Apr",123.907867219591,105.5553393,60.3375,78916.2426704324
2014-05-01,2014,"May",109.268823739586,106.853226444444,59.0335,68925.8992448748
2014-06-01,2014,"Jun",118.83635346225,109.053918190476,60.0933,77878.3325989669
2014-07-01,2014,"Jul",104.257568049744,106.296156181818,60.246,66765.6940162315
2014-08-01,2014,"Aug",117.220044489866,101.8919881,60.4745,72229.432790755
2014-09-01,2014,"Sep",117.213874932413,96.9590940454546,61.6135,70023.4416017204
2014-10-01,2014,"Oct",118.704075428987,86.8276383809524,61.408,63291.9638847857
2014-11-01,2014,"Nov",109.999360767769,77.58145135,61.9736,52887.7128242539
2014-12-01,2014,"Dec",123.3052573652,61.2110982380952,63.3315,47800.4010025401
2015-01-01,2015,"Jan",129.861421396742,46.5866174285714,61.7575,37362.0792598458
2015-02-01,2015,"Feb",95.2504993477745,56.4303821666667,61.7908,33212.6914326081
2015-03-01,2015,"Mar",120.88040505232,55.1767760909091,62.5908,41746.7557236127
2015-04-01,2015,"Apr",113.882958271223,59.0703076,63.578,42769.5651250211
2015-05-01,2015,"May",127.954736929266,63.821381,63.7615,52069.2222892425
2015-06-01,2015,"Jun",114.501615829938,61.7454641904762,63.7549,45074.4300805224
2015-07-01,2015,"Jul",129.991351990764,56.3000302272727,64.0054,46842.461095935
2015-08-01,2015,"Aug",126.345410801552,47.3274333333333,66.3062,39648.4819187929
2015-09-01,2015,"Sep",115.728241558868,46.1048686,65.7418,35077.4273392491
2015-10-01,2015,"Oct",114.128335859007,46.6752607272727,65.2231,34744.148608793
2015-11-01,2015,"Nov",121.956520087359,42.50400515,66.8148,34634.3907145918
2015-12-01,2015,"Dec",129.945706437061,35.6808883809524,66.326,30752.5688808187
2016-01-01,2016,"Jan",132.90086635279,28.0787982,67.8763,25329.3758400634
2016-02-01,2016,"Feb",123.761445917532,30.5255918947368,68.616,25922.379564239
2016-03-01,2016,"Mar",135.955452127806,36.4213091428571,66.3329,32845.8999196975
2016-04-01,2016,"Apr",131.661721679504,39.8790945714286,66.5176,34925.4001328961
2016-05-01,2016,"May",128.486274245795,45.00680585,67.203,38861.8605188086
2016-06-01,2016,"Jun",129.244148140009,46.9631119318182,67.6166,41041.2977087473
2016-07-01,2016,"Jul",126.194765739605,43.519136675,67.034,36814.3170445497
2016-08-01,2016,"Aug",137.897818433708,44.3849789285714,66.9813,40996.5193220885
2016-09-01,2016,"Sep",130.210460948181,44.4808601666667,66.6596,38608.3957806857
2016-10-01,2016,"Oct",133.07220482291,49.2526210833333,66.8566,43818.8511208138
2016-11-01,2016,"Nov",137.494254024127,44.4561943181818,68.526,41886.3206558444
2016-12-01,2016,"Dec",131.996873257665,52.735649125,67.9547,47302.8643354549
2017-01-01,2017,"Jan",127.89198188578,54.07752825,67.8125,46899.6828485235
2017-02-01,2017,"Feb",120.625587878068,54.8626847,66.7375,44165.8336888383
2017-03-01,2017,"Mar",133.511417791485,51.4696296521739,64.8386,44555.6804011177
2017-04-01,2017,"Apr",132.884833259108,52.4906910555556,64.217,44792.7492658765
2017-05-01,2017,"May",131.243674625976,50.567623025,64.5459,42837.0526399614
2017-06-01,2017,"Jun",129.505924442218,46.555774,64.7379,39032.0889704591
2017-07-01,2017,"Jul",126.970606118563,47.8576328809524,64.0773,38936.6524303006
2017-08-01,2017,"Aug",132.781736666166,50.6335708809524,64.0154,43038.9199899185
2017-09-01,2017,"Sep",129.341259474044,54.52330775,65.3552,46089.2274822343
2017-10-01,2017,"Oct",139.498574278082,56.0595180952381,64.7745,50655.1024932683
2017-11-01,2017,"Nov",140.685253265095,61.3159045454546,64.4332,55581.647656022
2017-12-01,2017,"Dec",141.770939226931,62.2900801578947,63.9273,56453.7074670005
2018-01-01,2018,"Jan",147.09638958906,67.0601533863636,63.6878,62823.5976225854
2018-02-01,2018,"Feb",129.247385810677,63.5373357631579,65.1031,53462.89064316
2018-03-01,2018,"Mar",134.918068040494,63.7954132142857,65.0441,55984.4579033588
2018-04-01,2018,"Apr",126.675628297865,69.2190984375,66.7801,58555.2811405025
2018-05-01,2018,"May",146.342695590277,75.25204525,67.4526,74282.7636032302
2018-06-01,2018,"Jun",142.780688701621,73.825793025,68.5753,72284.5213272793
2018-07-01,2018,"Jul",143.560821457295,73.4682748636364,68.6068,72360.730081457
2018-08-01,2018,"Aug",136.641383328917,72.5347376,70.9255,70296.014094661
2018-09-01,2018,"Sep",131.399377273859,77.8833896375,72.5474,74243.7678619782
2018-10-01,2018,"Oct",154.694121255821,80.08267025,73.9936,91665.6269121483
2018-11-01,2018,"Nov",124.727250831694,65.3992193690476,69.6574,56819.9928277165
2018-12-01,2018,"Dec",143.2622343263,57.7726383529412,69.7923,57764.5550178213
2019-01-01,2019,"Jan",144.2833325106,59.2680025795455,71.0333,60743.3090681029
2019-02-01,2019,"Feb",125.462327797577,64.534530625,71.1953,57644.3599143754
2019-03-01,2019,"Mar",140.574685506136,66.74,69.1713,64896.1990044566
2019-04-01,2019,"Apr",144.504186874321,71.0009225,69.8368,71652.0719453698
2019-05-01,2019,"May",138.328047180959,70.0137243421052,69.8058,67605.9523333068
2019-06-01,2019,"Jun",123.637533003981,62.374425,68.918,53148.3212795966
2019-07-01,2019,"Jul",142.300962766965,63.627010326087,68.8569,62344.3099240821
2019-08-01,2019,"Aug",145.050677388004,59.3498171052632,71.7586,61775.0496820627
2019-09-01,2019,"Sep",123.312905982843,61.7232732142857,70.685,53800.3057265835
2019-10-01,2019,"Oct",141.506978806073,59.7034204545455,70.8095,59823.0566507334
2019-11-01,2019,"Nov",140.53957899625,62.5325726190476,71.7255,63034.5314176823
2019-12-01,2019,"Dec",137.188522500888,65.5020425,71.274,64047.7317817137
2020-01-01,2020,"Jan",147.628884439439,64.3097470238095,71.5096,67891.0441308719
2020-02-01,2020,"Feb",136.69479033011,54.62736,72.1895,53905.8886258419
2020-03-01,2020,"Mar",143.062006345915,33.3587380681818,75.3859,35976.9256600265
2020-04-01,2020,"Apr",121.344274970508,19.90168375,75.115,18139.937376952
2020-05-01,2020,"May",107.079478253088,30.6055396176471,75.6369,24787.915578213
2020-06-01,2020,"Jun",100.259508420632,40.6338686363636,75.527,30769.1839106389
2020-07-01,2020,"Jul",90.4288231129432,43.347552547619,74.7722,29309.7166160837
2020-08-01,2020,"Aug",123.588074576047,44.1900176052632,73.5951,40192.9275820826
2020-09-01,2020,"Sep",111.281308937788,41.3541066590909,73.7978,33961.2982714407
2020-10-01,2020,"Oct",112.758112768114,40.658228,73.9732,33913.3468467851
2020-11-01,2020,"Nov",134.083266128027,43.3406405,73.7983,42886.0712879985
2020-12-01,2020,"Dec",150.203380365003,49.8398169523809,73.0536,54688.7211201994
2021-01-01,2021,"Jan",143.636312966002,54.794569625,72.9519,57416.7195892385
2021-02-01,2021,"Feb",111.684630944786,61.2161172894737,73.0408,49937.2606614641
2021-03-01,2021,"Mar",133.864483277833,64.7294967826087,73.5047,63691.6802422402
2021-04-01,2021,"Apr",133.834356674429,63.3969765,74.0232,62806.416869933
2021-05-01,2021,"May",126.523705614949,66.9530848529412,72.5211,61433.7290166696
2021-06-01,2021,"Jun",116.594179802815,71.9826474772727,74.3456,62396.4610031795
2021-07-01,2021,"Jul",110.117248801515,73.5390605238095,74.3871,60238.0712254739
2021-08-01,2021,"Aug",127.45800192424,69.804724425,73.1536,65086.0066525569
2021-09-01,2021,"Sep",129.076991350141,73.1307382954545,74.2551,70093.0695251531
2021-10-01,2021,"Oct",125.240352184732,82.1073937857143,74.7858,76903.4265962473
2021-11-01,2021,"Nov",134.449331017448,80.6373010238095,75.0885,81408.1822687008
2021-12-01,2021,"Dec",144.036044820761,73.2988235238095,74.3025,78446.1470619144
2022-01-01,2022,"Jan",141.145426469027,84.6663188,74.9674,89588.0196998356
2022-02-01,2022,"Feb",128.937722706017,94.0677151944444,75.4882,91558.7091040071
2022-03-01,2022,"Mar",139.509917917649,112.874792543478,75.8071,119374.600542419
2022-04-01,2022,"Apr",158.53672583078,102.965997868421,76.4242,124754.040028104
2022-05-01,2022,"May",144.007731998156,109.505037736842,77.6641,122472.962661729
2022-06-01,2022,"Jun",140.821762534031,116.01138505,78.9421,128967.138150886
2022-07-01,2022,"Jul",151.191900409479,105.491247375,79.4203,126670.78933451
2022-08-01,2022,"Aug",129.294550666321,97.4044654285714,79.7194,100397.548827314
2022-09-01,2022,"Sep",122.95340739836,90.7063448095238,81.5522,90952.3483156508
2022-10-01,2022,"Oct",132.859028541514,91.6989487,82.3934,100380.153116755
2022-11-01,2022,"Nov",139.308900641881,87.5522660681818,81.597,99522.310023877
2022-12-01,2022,"Dec",143.813143439466,78.100942275,82.7862,92984.9797971991
2023-01-01,2023,"Jan",148.296650608282,80.9222696842105,81.7387,98090.5396354654
2023-02-01,2023,"Feb",141.373194625152,82.278706675,82.6816,96175.2669868313
2023-03-01,2023,"Mar",153.418890093077,78.5394802826087,82.2169,99066.7594775374
2023-04-01,2023,"Apr",146.592739387371,83.7553584166667,81.7829,100412.45111062
2023-05-01,2023,"May",151.785477081948,74.981547825,82.6773,94095.9446543831
2023-06-01,2023,"Jun",145.729850173641,74.928252025,82.0428,89584.8546502726
2023-07-01,2023,"Jul",143.005784850312,80.3684924285714,82.2481,94529.0518464208
2023-08-01,2023,"Aug",139.948630850903,86.4267037619048,82.6784,100001.99573026
2023-09-01,2023,"Sep",128.305243568237,93.5393394,83.058,99682.7873257154
2023-10-01,2023,"Oct",137.298944255552,90.0803430227273,83.2692,102986.813597138
2023-11-01,2023,"Nov",136.301993451099,83.4553682142857,83.35,94811.7339867749
2023-12-01,2023,"Dec",144.293877801724,77.4197216315789,83.1164,92850.9250493334
2024-01-01,2024,"Jan",157.72333163894,79.2165415454545,83.0805,103803.242973418
2024-02-01,2024,"Feb",133.742955407748,81.6218814,82.9246,90523.409356928
2024-03-01,2024,"Mar",152.591636906589,84.48688315,83.3739,107485.563488341
2024-04-01,2024,"Apr",157.165961351222,89.43747625,83.5187,117398.285618117
2024-05-01,2024,"May",161.518453315912,83.6249381578947,83.2988,112511.444843803
2024-06-01,2024,"Jun",137.913052761451,82.5528710526316,83.4534,95012.6844980801
2024-07-01,2024,"Jul",142.240038693734,84.1481652173913,83.744,100235.18902296
2024-08-01,2024,"Aug",147.932543438916,78.2706875,83.8709,97112.2857060827
2024-09-01,2024,"Sep",137.737928958479,73.6948886904762,83.7888,85050.5030036704
2024-10-01,2024,"Oct",146.156124027694,75.1247045454545,84.0886,92328.7415644772
2024-11-01,2024,"Nov",138.898491707025,73.0169869047619,84.4971,85696.5308427209
2024-12-01,2024,"Dec",148.04697409318,73.336846875,85.6232,92963.662117866
2025-01-01,2025,"Jan",155.596542589362,80.1961975,86.6414,108113.314137373
2025-02-01,2025,"Feb",142.700827907877,77.328566875,87.4006,96445.255583322
2025-03-01,2025,"Mar",167.122193679917,72.46660625,85.5814,103645.735387671
2025-04-01,2025,"Apr",153.841047810189,67.724946525,85.0535,88616.1932490467
2025-05-01,2025,"May",156.354969635118,64.0420444444445,85.4778,85591.4163607712
2025-06-01,2025,"Jun",148.920035639855,69.77,85.5439,88881.4028427598
2025-07-01,2025,"Jul",138.468516852419,70.95,87.5544,86016.430534955
2025-08-01,2025,"Aug",143.708394781594,69.112829525,87.8514,87254.8344369776
2025-09-01,2025,"Sep",148.13905456614,69.61,88.7923,91562.2609356563
2025-10-01,2025,"Oct",153.986436854817,65.08,88.7241,88914.3006081552
2025-11-01,2025,"Nov",155.673810420919,64.3058301,89.4557,89551.7182054623
2025-12-01,2025,"Dec",158.257969050341,62.2024312380952,89.9198,88517.324815499
2026-01-01,2026,"Jan",154.636286007786,63.0833780238095,91.8983,89646.601295786
2026-02-01,2026,"Feb",147.552458475312,69.0054766111111,90.9542,92608.909043326
2026-03-01,2026,"Mar",142.137478011192,113.49,94.6543,152688.577630298
2026-04-01,2026,"Apr",135.385284670514,114.47643285,95.2417,147609.629188834
2026-05-01,2026,"May",164.363660432022,106.227558823529,95.3845,166540.863959584
2026-06-01,2026,"Jun",143.627107704584,83.2224972857143,94.5975,113072.454005559
2026-07-01,2026,"Jul",156.912636763261,82.0378608695652,95.3706,122768.447220852
2026-08-01,2026,"Aug",139.386491258357,90.1892422105263,95.4509,119992.872894792
