Year,Month,COI,Price,Rate,Expense
1994,Nov,NA,NA,31.39,NA
1994,Dec,NA,NA,31.38,NA
1995,Jan,NA,NA,31.37,NA
1995,Feb,NA,NA,31.43,NA
1995,Mar,NA,NA,31.5,NA
1995,Apr,NA,NA,31.39,NA
1995,May,NA,NA,31.42,NA
1995,Jun,NA,NA,31.42,NA
1995,Jul,NA,NA,31.4,NA
1995,Aug,NA,NA,31.84,NA
1995,Sep,NA,NA,34.01,NA
1995,Oct,NA,NA,34.62,NA
1995,Nov,NA,NA,34.94,NA
1995,Dec,NA,NA,35.18,NA
1996,Jan,NA,NA,36.49,NA
1996,Feb,NA,NA,35.03,NA
1996,Mar,NA,NA,34.33,NA
1996,Apr,NA,NA,34.52,NA
1996,May,NA,NA,35.09,NA
1996,Jun,NA,NA,35.06,NA
1996,Jul,NA,NA,35.68,NA
1996,Aug,NA,NA,35.68,NA
1996,Sep,NA,NA,35.76,NA
1996,Oct,NA,NA,35.68,NA
1996,Nov,NA,NA,35.76,NA
1996,Dec,NA,NA,35.93,NA
1997,Jan,NA,NA,35.88,NA
1997,Feb,NA,NA,35.89,NA
1997,Mar,NA,NA,35.9,NA
1997,Apr,NA,NA,35.78,NA
1997,May,NA,NA,35.79,NA
1997,Jun,NA,NA,35.82,NA
1997,Jul,NA,NA,35.71,NA
1997,Aug,NA,NA,36.36,NA
1997,Sep,NA,NA,36.18,NA
1997,Oct,NA,NA,36.4,NA
1997,Nov,NA,NA,38.57,NA
1997,Dec,NA,NA,39.28,NA
1998,Jan,NA,NA,38.92,NA
1998,Feb,NA,NA,39.3,NA
1998,Mar,NA,NA,39.5,NA
1998,Apr,NA,NA,39.73,NA
1998,May,NA,NA,41.5,NA
1998,Jun,NA,NA,42.47,NA
1998,Jul,NA,NA,42.56,NA
1998,Aug,NA,NA,42.55,NA
1998,Sep,NA,NA,42.49,NA
1998,Oct,NA,NA,42.37,NA
1998,Nov,NA,NA,42.63,NA
1998,Dec,NA,NA,42.48,NA
1999,Jan,NA,NA,42.5,NA
1999,Feb,NA,NA,42.49,NA
1999,Mar,NA,NA,42.43,NA
1999,Apr,NA,NA,42.82,NA
1999,May,NA,NA,42.84,NA
1999,Jun,NA,NA,43.36,NA
1999,Jul,NA,NA,43.29,NA
1999,Aug,NA,NA,43.48,NA
1999,Sep,NA,NA,43.61,NA
1999,Oct,NA,NA,43.42,NA
1999,Nov,NA,NA,43.41,NA
1999,Dec,NA,NA,43.49,NA
2000,Jan,NA,NA,43.61,NA
2000,Feb,NA,NA,43.61,NA
2000,Mar,NA,NA,43.62,NA
2000,Apr,NA,NA,43.66,NA
2000,May,NA,NA,44.58,NA
2000,Jun,NA,NA,44.68,NA
2000,Jul,NA,NA,44.99,NA
2000,Aug,NA,NA,45.8,NA
2000,Sep,NA,NA,46.07,NA
2000,Oct,NA,NA,46.8,NA
2000,Nov,NA,NA,46.84,NA
2000,Dec,NA,NA,46.75,NA
2001,Jan,NA,NA,46.41,NA
2001,Feb,NA,NA,46.61,NA
2001,Mar,NA,NA,46.64,NA
2001,Apr,NA,NA,46.86,NA
2001,May,NA,NA,46.99,NA
2001,Jun,NA,NA,47.04,NA
2001,Jul,NA,NA,47.16,NA
2001,Aug,NA,NA,47.15,NA
2001,Sep,NA,NA,47.86,NA
2001,Oct,NA,NA,47.97,NA
2001,Nov,NA,NA,47.99,NA
2001,Dec,NA,NA,48.18,NA
2002,Jan,8204.5121,NA,48.58,NA
2002,Feb,7008.1672,NA,48.81,NA
2002,Mar,8469.3249,NA,48.8,NA
2002,Apr,7145.2606,NA,48.97,NA
2002,May,8172.8751,NA,49.03,NA
2002,Jun,7639.7342,NA,48.87,NA
2002,Jul,8168.1882,NA,48.68,NA
2002,Aug,9536.7786,NA,48.51,NA
2002,Sep,8558.3771,NA,48.38,NA
2002,Oct,8538.4575,NA,48.41,NA
2002,Nov,6855.8412,NA,48.27,NA
2002,Dec,7676.0581,NA,48.03,NA
2003,Jan,7961.9622,NA,47.8,NA
2003,Feb,7452.256,NA,47.67,NA
2003,Mar,8257.2403,NA,47.5,NA
2003,Apr,8358.0098,NA,47.35,NA
2003,May,9936.3414,NA,47.03,NA
2003,Jun,8448.2336,NA,46.47,NA
2003,Jul,8029.9231,NA,46.14,NA
2003,Aug,7950.2448,NA,45.85,NA
2003,Sep,8805.6139,NA,45.85,NA
2003,Oct,9271.9657,NA,45.32,NA
2003,Nov,8824.3617,NA,45.94,NA
2003,Dec,8813.816,NA,45.61,NA
2004,Jan,9302.4309,NA,45.31,NA
2004,Feb,8293.5642,NA,45.26,NA
2004,Mar,9930.4827,NA,43.39,NA
2004,Apr,9393.8265,NA,44.37,NA
2004,May,9448.8982,NA,45.56,NA
2004,Jun,9922.2805,NA,45.98,NA
2004,Jul,9904.7044,NA,46.45,NA
2004,Aug,9627.0024,NA,46.34,NA
2004,Sep,9909.3914,NA,46.16,NA
2004,Oct,9377.4222,NA,45.45,NA
2004,Nov,7971.3361,NA,44.75,NA
2004,Dec,8124.8339,NA,43.58,NA
2005,Jan,10095.6978,NA,43.69,NA
2005,Feb,8134.2078,NA,43.64,NA
2005,Mar,9942.2001,NA,43.75,NA
2005,Apr,9116.1245,NA,43.65,NA
2005,May,9389.1396,NA,43.69,NA
2005,Jun,8892.3225,NA,43.51,NA
2005,Jul,8972.0007,NA,43.49,NA
2005,Aug,9902.361,NA,44.04,NA
2005,Sep,9873.0675,NA,43.99,NA
2005,Oct,9100.8919,NA,45.11,NA
2005,Nov,9032.9311,NA,45.94,NA
2005,Dec,10351.1368,NA,45.07,NA
2006,Jan,10570.2518,NA,44.07,NA
2006,Feb,10567.9084,NA,44.44,NA
2006,Mar,10624.1518,NA,44.61,NA
2006,Apr,9549.6677,NA,44.97,NA
2006,May,10604.2322,NA,46.43,NA
2006,Jun,11254.547,NA,46.08,NA
2006,Jul,11131.5145,NA,46.51,NA
2006,Aug,10603.0605,NA,46.55,NA
2006,Sep,10339.4194,NA,45.96,NA
2006,Oct,11628.3316,NA,45.02,NA
2006,Nov,10804.5995,NA,44.76,NA
2006,Dec,10705.0017,NA,44.23,NA
2007,Jan,10956.9255,NA,44.17,NA
2007,Feb,10648.7583,NA,44.31,NA
2007,Mar,11301.4166,NA,43.59,NA
2007,Apr,12878.5764,NA,41.29,NA
2007,May,12133.3508,NA,40.73,NA
2007,Jun,11456.086,NA,40.75,NA
2007,Jul,12767.2613,NA,40.44,NA
2007,Aug,11775.9706,NA,40.96,NA
2007,Sep,10224.589,NA,39.74,NA
2007,Oct,11674.0294,NA,39.32,NA
2007,Nov,10842.0951,NA,39.67,NA
2007,Dec,13356.6457,NA,39.41,NA
2008,Jan,11763.0815,NA,39.39,NA
2008,Feb,11513.5012,NA,39.92,NA
2008,Mar,12262.242,NA,39.97,NA
2008,Apr,12937.1633,NA,40.46,NA
2008,May,11859.164,NA,42.59,NA
2008,Jun,12421.5985,NA,42.95,NA
2008,Jul,13880.4127,NA,42.49,NA
2008,Aug,12744.9983,NA,43.79,NA
2008,Sep,12026.7226,NA,46.94,NA
2008,Oct,13316.8066,NA,49.25,NA
2008,Nov,11573.2599,NA,49.84,NA
2008,Dec,12262.242,NA,48.45,NA
2009,Jan,12288.0203,NA,49.02,NA
2009,Feb,11048.3211,NA,50.73,NA
2009,Mar,13702.3085,NA,50.95,NA
2009,Apr,11374.0644,NA,50.22,NA
2009,May,14084.2952,NA,47.29,NA
2009,Jun,13034.4176,NA,47.87,NA
2009,Jul,11745.5054,NA,48.16,NA
2009,Aug,13082.4589,NA,48.88,NA
2009,Sep,13289.8566,NA,48.04,NA
2009,Oct,12645.4005,NA,46.96,NA
2009,Nov,12277.4746,NA,46.48,NA
2009,Dec,12225.9182,NA,46.68,NA
2010,Jan,14473.3123,NA,46.37,NA
2010,Feb,12501.2767,NA,46.23,NA
2010,Mar,11770.1119,NA,45.14,NA
2010,Apr,13740.9759,NA,44.44,NA
2010,May,13516.0021,NA,46.45,NA
2010,Jun,14670.1644,NA,46.6,NA
2010,Jul,14885.7643,NA,46.46,NA
2010,Aug,12202.4834,NA,47.08,NA
2010,Sep,12821.1612,NA,44.92,NA
2010,Oct,15509.1291,NA,44.54,NA
2010,Nov,11054.1798,NA,46.04,NA
2010,Dec,12889.1221,NA,44.81,NA
2011,Jan,13224.2392,NA,45.95,NA
2011,Feb,12249.3529,NA,45.18,NA
2011,Mar,18643.5292,NA,44.65,NA
2011,Apr,18643.5292,NA,44.38,NA
2011,May,15973.1375,NA,45.03,NA
2011,Jun,16016.4918,NA,44.72,NA
2011,Jul,15911.0353,NA,44.1553,NA
2011,Aug,16576.5827,NA,46.019,NA
2011,Sep,14937.3207,NA,48.9253,NA
2011,Oct,14729.9231,NA,48.873,NA
2011,Nov,17400.3148,NA,52.165,NA
2011,Dec,15834.8723,NA,53.266,NA
2012,Jan,19823.4697,110.646428571429,49.6825,68542.208350238
2012,Feb,17426.093,117.430526315789,48.9408,62992.6209958987
2012,Mar,17515.1452,123.77,51.1565,69753.7461036496
2012,Apr,17131.9867,118.360625,52.5193,66984.0630802212
2012,May,17090.9759,109.404285714286,56.4225,66357.6659535286
2012,Jun,16016.4918,96.12,56.309,54525.1102515976
2012,Jul,16233.2634,100.301176470588,55.807,57152.8799303859
2012,Aug,16726.5652,109.894375,55.7215,64423.2470008705
2012,Sep,16890.6086,111.705,52.697,62537.6248474815
2012,Oct,16773.4348,109.955,54.1175,62778.6964143146
2012,Nov,17662.7842,107.806,54.5265,65305.1297679792
2012,Dec,17731.9168,107.25,54.7773,65522.609824855
2013,Jan,20530.028,109.518571428571,53.289,75362.0081111453
2013,Feb,15978.9962,112.8755,53.7735,61003.5438629499
2013,Mar,17872.5254,106.486842105263,54.3893,65107.7849448181
2013,Apr,19225.8832,101.7385,54.219,66705.3570273328
2013,May,20130.4652,101.107619047619,56.4958,72325.4987685218
2013,Jun,16121.9482,101.1565,59.6995,61237.8013308156
2013,Jul,18682.1966,104.934782608696,61.115,75358.5964415747
2013,Aug,20056.6457,108.328947368421,66.5742,90980.09000237
2013,Sep,17696.7646,109.461428571429,62.777,76487.9679729403
2013,Oct,18357.625,107.459523809524,61.41,76197.0368853456
2013,Nov,17258.5345,106.555238095238,62.3948,72171.3278370951
2013,Dec,17714.3407,108.769523809524,61.897,75013.4950275975
2014,Jan,17999.0731,105.478181818182,62.4768,74605.2058405852
2014,Feb,19239.944,106.1875,62.072,79764.6600413167
2014,Mar,17325.3235,105.294285714286,60.0998,68959.9220591399
2014,Apr,19403.9874,105.677142857143,60.3375,77821.0235422192
2014,May,17539.7517,106.948,59.0335,69651.7801999145
2014,Jun,18833.3508,109.130476190476,60.0933,77685.0196195623
2014,Jul,16494.561,106.304545454545,60.246,66444.4014454697
2014,Aug,18526.3554,101.809473684211,60.4745,71744.4068781922
2014,Sep,18242.7947,96.9595454545454,61.6135,68548.0967975787
2014,Oct,18534.5575,86.4725,61.408,61904.5783615399
2014,Nov,17646.3799,77.1427777777778,61.9736,53063.4157153997
2014,Dec,19597.3242,61.0563636363636,63.3315,47663.4052485736
2015,Jan,20662.4344,46.9063636363636,61.7575,37647.8813145166
2015,Feb,15222.0532,56.6110526315789,61.7908,33491.5975261858
2015,Mar,19320.794,55.0080952380952,62.5908,41840.7691340693
2015,Apr,17116.7541,58.8680952380952,63.578,40294.5061380521
2015,May,20499.5628,63.8157894736842,63.7615,52464.9001138796
2015,Jun,17852.6058,61.75,63.7549,44206.8659028589
2015,Jul,20777.2648,56.3,64.0054,47092.4153184246
2015,Aug,20194.9108,47.4761904761905,66.3062,39986.1436577377
2015,Sep,18333.0185,46.115,65.7418,34958.7069279058
2015,Oct,18241.6229,46.6740909090909,65.2231,34928.3731241288
2015,Nov,19457.8874,42.5890476190476,66.8148,34826.0217490919
2015,Dec,21057.3102,35.6513636363636,66.326,31318.4620595866
2016,Jan,21076.0581,28.4125,67.8763,25565.5167938167
2016,Feb,19781.2872,30.5766666666667,68.616,26104.0362649666
2016,Mar,20907.3277,36.4204545454545,66.3329,31769.5053205241
2016,Apr,21044.4211,39.792,66.5176,35035.3856585355
2016,May,20753.83,45.0281818181818,67.203,39501.0742527625
2016,Jun,20701.1018,46.9436363636364,67.6166,41329.5901019059
2016,Jul,20286.3064,43.5185,67.034,37222.8492303951
2016,Aug,22041.5705,44.3447619047619,66.9813,41179.0207781262
2016,Sep,20172.6478,44.3638095238095,66.6596,37522.5220282448
2016,Oct,21270.5666,49.1826315789474,66.8566,43991.8967884063
2016,Nov,21977.1249,44.5319047619048,68.526,42182.7714307084
2016,Dec,20940.1364,52.7022727272727,67.9547,47170.0058087072
2017,Jan,20442.1476,54.1266666666667,67.8125,47193.820617345
2017,Feb,19119.255,54.83,66.7375,44004.4629632626
2017,Mar,21340.8709,51.4886363636364,64.8386,44812.0423172569
2017,Apr,21226.0406,52.6021052631579,64.217,45098.2520378067
2017,May,20824.1343,50.5622727272727,64.5459,42746.4234369966
2017,Jun,20367.1563,46.5571428571429,64.7379,38611.1648529106
2017,Jul,20288.6499,47.8709523809524,64.0773,39144.1619373379
2017,Aug,21226.0406,50.6969565217391,64.0154,43328.4269534172
2017,Sep,20539.4019,54.2435,65.3552,45798.7078292368
2017,Oct,22306.3834,56.0840909090909,64.7745,50969.5144393301
2017,Nov,22322.7877,61.3168181818182,64.4332,55472.1910425646
2017,Dec,23014.1133,62.322,63.9273,57671.277381925
2018,Jan,23569.5173,66.9682608695652,63.6878,63228.5956513663
2018,Feb,20541.7454,63.467,65.1031,53385.6532179587
2018,Mar,21956.0336,63.9394736842105,65.0441,57433.9165040437
2018,Apr,20096.4848,69.301,66.7801,58498.4346850908
2018,May,23391.4131,75.0365217391304,67.4526,74467.2691129098
2018,Jun,22821.9482,73.8766666666667,68.5753,72721.9143920821
2018,Jul,22946.1525,73.552380952381,68.6068,72830.1751451065
2018,Aug,21842.375,72.6709523809524,70.9255,70810.9949781446
2018,Sep,21113.5537,77.883,72.5474,75034.9230401395
2018,Oct,24733.0535,80.1318181818182,73.9936,92238.9756308287
2018,Nov,19930.0979,65.3985714285714,69.6574,57106.1042334678
2018,Dec,22899.283,57.036,69.7923,57334.500759918
2019,Jan,23065.6698,58.922380952381,71.0333,60721.9806656968
2019,Feb,20053.1305,64.3216666666667,71.1953,57760.1581109596
2019,Mar,22639.157,66.6473684210526,69.1713,65645.774245381
2019,Apr,23111.3676,71.1,69.8368,72180.0464498814
2019,May,22413.0115,70.089,69.8058,68973.0079377768
2019,Jun,19762.5393,62.2275,68.918,53308.3629129229
2019,Jul,22666.107,63.6313043478261,68.8569,62464.4336465551
2019,Aug,23034.0329,59.4088888888889,71.7586,61763.6494932694
2019,Sep,19709.8111,61.6235294117647,70.685,54000.014016767
2019,Oct,22618.0658,59.8433333333333,70.8095,60283.762051393
2019,Nov,22463.3963,62.3694117647059,71.7255,63205.9890102716
2019,Dec,21929.0836,65.4966666666667,71.274,64388.5127294761
2020,Jan,23596.4673,64.085,71.5096,68015.094456108
2020,Feb,21849.4054,54.8707692307692,72.1895,54436.7620455293
2020,Mar,22866.4743,33.347619047619,75.3859,36156.9461951772
2020,Apr,19395.7852,20.532380952381,75.115,18815.2906167656
2020,May,17115.5824,29.658,75.6369,24149.3164902347
2020,Jun,16025.8657,40.6322727272727,75.527,30933.7397992985
2020,Jul,14453.3928,43.3365217391304,74.7722,29457.8872551905
2020,Aug,19754.3372,44.1928571428571,73.5951,40411.1326132143
2020,Sep,17786.9885,41.3545454545455,73.7978,34143.3925311389
2020,Oct,17879.5558,40.7955,73.9732,33937.5878671429
2020,Nov,21418.2057,43.474,73.7983,43221.1804136642
2020,Dec,24007.7475,49.8963636363636,73.0536,55042.6726199595
2021,Jan,22960.2134,54.5815,72.9519,57503.6714622771
2021,Feb,17851.4341,61.4147368421053,73.0408,50367.3158674553
2021,Mar,21397.1144,64.8295454545455,73.5047,64132.8994027666
2021,Apr,21390.0839,63.2642105263158,74.0232,63005.1451355292
2021,May,20223.0325,66.9835,72.5211,61789.6989004722
2021,Jun,18636.4988,71.9827272727273,74.3456,62731.4712753271
2021,Jul,17598.3386,73.5390476190476,74.3871,60551.4961442353
2021,Aug,20371.8433,70.068,73.1536,65678.5159964431
2021,Sep,20631.9692,72.976,74.2551,70320.9295397007
2021,Oct,20019.1501,81.9821052631579,74.7858,77200.733390479
2021,Nov,21529.5208,80.5044444444444,75.0885,81858.772773035
2021,Dec,23022.3155,73.2440909090909,74.3025,78806.6017384684
2022,Jan,22561.8223,84.215,74.9674,89592.9127597073
2022,Feb,20613.2214,93.3,75.4882,91315.4284874448
2022,Mar,22299.3529,113.743684210526,75.8071,120939.178581073
2022,Apr,24460.0385,102.948888888889,76.4242,121045.118828788
2022,May,22926.2329,109.333,77.6641,122445.226401026
2022,Jun,22504.4071,115.807368421053,78.9421,129404.69202791
2022,Jul,23835.5019,105.752631578947,79.4203,125917.063671417
2022,Aug,20562.8367,97.655,79.7194,100688.324057243
2022,Sep,19284.4701,90.601,81.5522,89621.8618954969
2022,Oct,21029.1885,92.0623529411765,82.3934,100330.872458285
2022,Nov,22150.5421,88.0757894736842,81.597,100127.339283558
2022,Dec,22869.9895,77.9,82.7862,92768.1617852973
2023,Jan,23383.2109,80.7433333333333,81.7387,97068.0102392057
2023,Feb,22366.142,82.279,82.6816,95703.2165854901
2023,Mar,24288.9647,78.2852380952381,82.2169,98330.3438712412
2023,Apr,23243.774,83.483125,81.7829,99817.2102892239
2023,May,23483.9804,75.0868421052632,82.6773,91697.9051467867
2023,Jun,22476.2854,74.9275,82.0428,86904.8139270396
2023,Jul,22637.9853,80.3685714285714,82.2481,94121.204489044
2023,Aug,21945.4879,86.364,82.6784,98561.5745353574
2023,Sep,20417.5411,93.5075,83.058,99739.9011687718
2023,Oct,21709.9685,89.962380952381,83.2692,102292.10279641
2023,Nov,21758.0098,83.489,83.35,95233.9090943182
2023,Dec,23250.8045,77.42,83.1164,94105.5973480556
2024,Jan,25059.9685,79.1145,83.0805,103603.228668406
2024,Feb,21110.0385,81.6225,82.9246,89871.0639320077
2024,Mar,23448.8283,84.4552631578947,83.3739,103852.166993094
2024,Apr,25124.4141,89.4057894736842,83.5187,118000.240071294
2024,May,25485.3095,83.5636842105263,83.2988,111579.347192972
2024,Jun,21623.2599,82.5531578947368,83.4534,93699.3275709307
2024,Jul,22687.1983,84.1618181818182,83.744,100574.355224879
2024,Aug,23329.3109,78.1784210526316,83.8709,96213.8711755736
2024,Sep,21841.2032,73.7265,83.7888,84864.0447467913
2024,Oct,22866.4743,75.2838095238095,84.0886,91049.0662875458
2024,Nov,22347.3942,73.0715,84.4971,86786.9240597532
2024,Dec,23417.1913,73.3365,85.6232,92487.7081372301
2025,Jan,24426.0581,80.1965,86.6414,106750.972896123
2025,Feb,22374.3442,77.3655555555556,87.4006,95159.0192285999
2025,Mar,25937.6006,72.4957894736842,85.5814,101218.418814698
2025,Apr,24877.1773,68.2188235294118,85.0535,90789.3896590963
2025,May,27329.6257,64.0422222222222,85.4778,94100.296691633
2025,Jun,23155.8937,69.7742857142857,85.5439,86932.7808871279
2025,Jul,21747.4641,70.9495652173913,87.5544,84971.6236853942
2025,Aug,22969.5873,69.2177777777778,87.8514,87853.1041268186
2025,Sep,23584.7499,69.6423809523809,88.7923,91731.3470948866
2025,Oct,24669.7796,65.1205,88.7241,89652.4533224034
2025,Nov,24670.9514,64.2521052631579,89.4557,89190.5533293171
2025,Dec,24422.5428,62.202380952381,89.9198,85919.3138701085
2026,Jan,24716.6492,63.0565,91.8983,90087.4952955719
2026,Feb,22768.0483,69.0055555555556,90.9542,89881.26
2026,Mar,22162.2595,124.862105263158,94.6543,164707.12
2026,Apr,NA,114.053157894737,95.2417,NA
2026,May,NA,107.751818181818,95.3845,NA
2026,June,,83.85,94.5975,
2026,July,,82.04,95.3706,
